{"cameraMode":{"drawMode":0,"name":"Shaded","section":"Shading Mode"},"sceneLighting":true,"audioPlay":false,"sceneViewState":{"showFog":false,"showMaterialUpdate":false,"showSkybox":false,"showFlares":false,"showImageEffects":false,"showParticleSystems":true},"in2DMode":false,"pivot":{"x":-0.3882127106189728,"y":-0.6378812789916992,"z":1.550094485282898},"rotation":{"x":-0.15365822613239289,"y":0.15844601392745973,"z":-0.024970345199108125,"w":-0.9750185012817383},"size":2.283376693725586,"orthographic":false}